,Participant_ID,Viz_ID,Nth_Dataset,Response
540,sid10,Circular Plot,1,30
541,sid10,Circular Plot,2,30
542,sid10,Circular Plot,3,95
543,sid10,Circular Plot,4,100
544,sid10,Circular Plot,5,95
545,sid10,Circular Plot,6,50
546,sid10,Circular Plot,7,90
547,sid10,Circular Plot,8,75
548,sid10,Circular Plot,9,80
549,sid10,Circular Plot,10,10
550,sid10,Circular Plot,11,30
551,sid10,Circular Plot,12,12
552,sid10,Circular Plot,13,80
553,sid10,Circular Plot,14,50
554,sid10,Circular Plot,15,60
555,sid10,Circular Plot,16,50
556,sid10,Circular Plot,17,25
557,sid10,Circular Plot,18,80
558,sid10,Circular Plot,19,5
559,sid10,Circular Plot,20,33
560,sid10,Heatmap Plot,1,50
561,sid10,Heatmap Plot,2,10
562,sid10,Heatmap Plot,3,95
563,sid10,Heatmap Plot,4,50
564,sid10,Heatmap Plot,5,50
565,sid10,Heatmap Plot,6,15
566,sid10,Heatmap Plot,7,80
567,sid10,Heatmap Plot,8,60
568,sid10,Heatmap Plot,9,15
569,sid10,Heatmap Plot,10,50
570,sid10,Heatmap Plot,11,25
571,sid10,Heatmap Plot,12,10
572,sid10,Heatmap Plot,13,40
573,sid10,Heatmap Plot,14,3
574,sid10,Heatmap Plot,15,20
575,sid10,Heatmap Plot,16,20
576,sid10,Heatmap Plot,17,5
577,sid10,Heatmap Plot,18,75
578,sid10,Heatmap Plot,19,90
579,sid10,Heatmap Plot,20,50
580,sid10,Wordcloud Plot,1,20
581,sid10,Wordcloud Plot,2,40
582,sid10,Wordcloud Plot,3,88
583,sid10,Wordcloud Plot,4,50
584,sid10,Wordcloud Plot,5,30
585,sid10,Wordcloud Plot,6,80
586,sid10,Wordcloud Plot,7,50
587,sid10,Wordcloud Plot,8,20
588,sid10,Wordcloud Plot,9,85
589,sid10,Wordcloud Plot,10,75
590,sid10,Wordcloud Plot,11,5
591,sid10,Wordcloud Plot,12,29
592,sid10,Wordcloud Plot,13,5
593,sid10,Wordcloud Plot,14,40
594,sid10,Wordcloud Plot,15,0
595,sid10,Wordcloud Plot,16,45
596,sid10,Wordcloud Plot,17,11
597,sid10,Wordcloud Plot,18,80
598,sid10,Wordcloud Plot,19,7
599,sid10,Wordcloud Plot,20,30
